"","continent","year","lifeExp","country"
"1","Africa",1952,43.077,"Algeria"
"2","Africa",1957,45.685,"Algeria"
"3","Africa",1962,48.303,"Algeria"
"4","Africa",1967,51.407,"Algeria"
"5","Africa",1972,54.518,"Algeria"
"6","Africa",1977,58.014,"Algeria"
"7","Africa",1982,61.368,"Algeria"
"8","Africa",1987,65.799,"Algeria"
"9","Africa",1992,67.744,"Algeria"
"10","Africa",1997,69.152,"Algeria"
"11","Africa",2002,70.994,"Algeria"
"12","Africa",2007,72.301,"Algeria"
"13","Africa",1952,30.015,"Angola"
"14","Africa",1957,31.999,"Angola"
"15","Africa",1962,34,"Angola"
"16","Africa",1967,35.985,"Angola"
"17","Africa",1972,37.928,"Angola"
"18","Africa",1977,39.483,"Angola"
"19","Africa",1982,39.942,"Angola"
"20","Africa",1987,39.906,"Angola"
"21","Africa",1992,40.647,"Angola"
"22","Africa",1997,40.963,"Angola"
"23","Africa",2002,41.003,"Angola"
"24","Africa",2007,42.731,"Angola"
"25","Africa",1952,38.223,"Benin"
"26","Africa",1957,40.358,"Benin"
"27","Africa",1962,42.618,"Benin"
"28","Africa",1967,44.885,"Benin"
"29","Africa",1972,47.014,"Benin"
"30","Africa",1977,49.19,"Benin"
"31","Africa",1982,50.904,"Benin"
"32","Africa",1987,52.337,"Benin"
"33","Africa",1992,53.919,"Benin"
"34","Africa",1997,54.777,"Benin"
"35","Africa",2002,54.406,"Benin"
"36","Africa",2007,56.728,"Benin"
"37","Africa",1952,47.622,"Botswana"
"38","Africa",1957,49.618,"Botswana"
"39","Africa",1962,51.52,"Botswana"
"40","Africa",1967,53.298,"Botswana"
"41","Africa",1972,56.024,"Botswana"
"42","Africa",1977,59.319,"Botswana"
"43","Africa",1982,61.484,"Botswana"
"44","Africa",1987,63.622,"Botswana"
"45","Africa",1992,62.745,"Botswana"
"46","Africa",1997,52.556,"Botswana"
"47","Africa",2002,46.634,"Botswana"
"48","Africa",2007,50.728,"Botswana"
"49","Africa",1952,31.975,"Burkina Faso"
"50","Africa",1957,34.906,"Burkina Faso"
"51","Africa",1962,37.814,"Burkina Faso"
"52","Africa",1967,40.697,"Burkina Faso"
"53","Africa",1972,43.591,"Burkina Faso"
"54","Africa",1977,46.137,"Burkina Faso"
"55","Africa",1982,48.122,"Burkina Faso"
"56","Africa",1987,49.557,"Burkina Faso"
"57","Africa",1992,50.26,"Burkina Faso"
"58","Africa",1997,50.324,"Burkina Faso"
"59","Africa",2002,50.65,"Burkina Faso"
"60","Africa",2007,52.295,"Burkina Faso"
"61","Africa",1952,39.031,"Burundi"
"62","Africa",1957,40.533,"Burundi"
"63","Africa",1962,42.045,"Burundi"
"64","Africa",1967,43.548,"Burundi"
"65","Africa",1972,44.057,"Burundi"
"66","Africa",1977,45.91,"Burundi"
"67","Africa",1982,47.471,"Burundi"
"68","Africa",1987,48.211,"Burundi"
"69","Africa",1992,44.736,"Burundi"
"70","Africa",1997,45.326,"Burundi"
"71","Africa",2002,47.36,"Burundi"
"72","Africa",2007,49.58,"Burundi"
"73","Africa",1952,38.523,"Cameroon"
"74","Africa",1957,40.428,"Cameroon"
"75","Africa",1962,42.643,"Cameroon"
"76","Africa",1967,44.799,"Cameroon"
"77","Africa",1972,47.049,"Cameroon"
"78","Africa",1977,49.355,"Cameroon"
"79","Africa",1982,52.961,"Cameroon"
"80","Africa",1987,54.985,"Cameroon"
"81","Africa",1992,54.314,"Cameroon"
"82","Africa",1997,52.199,"Cameroon"
"83","Africa",2002,49.856,"Cameroon"
"84","Africa",2007,50.43,"Cameroon"
"85","Africa",1952,35.463,"Central African Republic"
"86","Africa",1957,37.464,"Central African Republic"
"87","Africa",1962,39.475,"Central African Republic"
"88","Africa",1967,41.478,"Central African Republic"
"89","Africa",1972,43.457,"Central African Republic"
"90","Africa",1977,46.775,"Central African Republic"
"91","Africa",1982,48.295,"Central African Republic"
"92","Africa",1987,50.485,"Central African Republic"
"93","Africa",1992,49.396,"Central African Republic"
"94","Africa",1997,46.066,"Central African Republic"
"95","Africa",2002,43.308,"Central African Republic"
"96","Africa",2007,44.741,"Central African Republic"
"97","Africa",1952,38.092,"Chad"
"98","Africa",1957,39.881,"Chad"
"99","Africa",1962,41.716,"Chad"
"100","Africa",1967,43.601,"Chad"
"101","Africa",1972,45.569,"Chad"
"102","Africa",1977,47.383,"Chad"
"103","Africa",1982,49.517,"Chad"
"104","Africa",1987,51.051,"Chad"
"105","Africa",1992,51.724,"Chad"
"106","Africa",1997,51.573,"Chad"
"107","Africa",2002,50.525,"Chad"
"108","Africa",2007,50.651,"Chad"
"109","Africa",1952,40.715,"Comoros"
"110","Africa",1957,42.46,"Comoros"
"111","Africa",1962,44.467,"Comoros"
"112","Africa",1967,46.472,"Comoros"
"113","Africa",1972,48.944,"Comoros"
"114","Africa",1977,50.939,"Comoros"
"115","Africa",1982,52.933,"Comoros"
"116","Africa",1987,54.926,"Comoros"
"117","Africa",1992,57.939,"Comoros"
"118","Africa",1997,60.66,"Comoros"
"119","Africa",2002,62.974,"Comoros"
"120","Africa",2007,65.152,"Comoros"
"121","Africa",1952,39.143,"Congo, Dem. Rep."
"122","Africa",1957,40.652,"Congo, Dem. Rep."
"123","Africa",1962,42.122,"Congo, Dem. Rep."
"124","Africa",1967,44.056,"Congo, Dem. Rep."
"125","Africa",1972,45.989,"Congo, Dem. Rep."
"126","Africa",1977,47.804,"Congo, Dem. Rep."
"127","Africa",1982,47.784,"Congo, Dem. Rep."
"128","Africa",1987,47.412,"Congo, Dem. Rep."
"129","Africa",1992,45.548,"Congo, Dem. Rep."
"130","Africa",1997,42.587,"Congo, Dem. Rep."
"131","Africa",2002,44.966,"Congo, Dem. Rep."
"132","Africa",2007,46.462,"Congo, Dem. Rep."
"133","Africa",1952,42.111,"Congo, Rep."
"134","Africa",1957,45.053,"Congo, Rep."
"135","Africa",1962,48.435,"Congo, Rep."
"136","Africa",1967,52.04,"Congo, Rep."
"137","Africa",1972,54.907,"Congo, Rep."
"138","Africa",1977,55.625,"Congo, Rep."
"139","Africa",1982,56.695,"Congo, Rep."
"140","Africa",1987,57.47,"Congo, Rep."
"141","Africa",1992,56.433,"Congo, Rep."
"142","Africa",1997,52.962,"Congo, Rep."
"143","Africa",2002,52.97,"Congo, Rep."
"144","Africa",2007,55.322,"Congo, Rep."
"145","Africa",1952,40.477,"Cote d'Ivoire"
"146","Africa",1957,42.469,"Cote d'Ivoire"
"147","Africa",1962,44.93,"Cote d'Ivoire"
"148","Africa",1967,47.35,"Cote d'Ivoire"
"149","Africa",1972,49.801,"Cote d'Ivoire"
"150","Africa",1977,52.374,"Cote d'Ivoire"
"151","Africa",1982,53.983,"Cote d'Ivoire"
"152","Africa",1987,54.655,"Cote d'Ivoire"
"153","Africa",1992,52.044,"Cote d'Ivoire"
"154","Africa",1997,47.991,"Cote d'Ivoire"
"155","Africa",2002,46.832,"Cote d'Ivoire"
"156","Africa",2007,48.328,"Cote d'Ivoire"
"157","Africa",1952,34.812,"Djibouti"
"158","Africa",1957,37.328,"Djibouti"
"159","Africa",1962,39.693,"Djibouti"
"160","Africa",1967,42.074,"Djibouti"
"161","Africa",1972,44.366,"Djibouti"
"162","Africa",1977,46.519,"Djibouti"
"163","Africa",1982,48.812,"Djibouti"
"164","Africa",1987,50.04,"Djibouti"
"165","Africa",1992,51.604,"Djibouti"
"166","Africa",1997,53.157,"Djibouti"
"167","Africa",2002,53.373,"Djibouti"
"168","Africa",2007,54.791,"Djibouti"
"169","Africa",1952,41.893,"Egypt"
"170","Africa",1957,44.444,"Egypt"
"171","Africa",1962,46.992,"Egypt"
"172","Africa",1967,49.293,"Egypt"
"173","Africa",1972,51.137,"Egypt"
"174","Africa",1977,53.319,"Egypt"
"175","Africa",1982,56.006,"Egypt"
"176","Africa",1987,59.797,"Egypt"
"177","Africa",1992,63.674,"Egypt"
"178","Africa",1997,67.217,"Egypt"
"179","Africa",2002,69.806,"Egypt"
"180","Africa",2007,71.338,"Egypt"
"181","Africa",1952,34.482,"Equatorial Guinea"
"182","Africa",1957,35.983,"Equatorial Guinea"
"183","Africa",1962,37.485,"Equatorial Guinea"
"184","Africa",1967,38.987,"Equatorial Guinea"
"185","Africa",1972,40.516,"Equatorial Guinea"
"186","Africa",1977,42.024,"Equatorial Guinea"
"187","Africa",1982,43.662,"Equatorial Guinea"
"188","Africa",1987,45.664,"Equatorial Guinea"
"189","Africa",1992,47.545,"Equatorial Guinea"
"190","Africa",1997,48.245,"Equatorial Guinea"
"191","Africa",2002,49.348,"Equatorial Guinea"
"192","Africa",2007,51.579,"Equatorial Guinea"
"193","Africa",1952,35.928,"Eritrea"
"194","Africa",1957,38.047,"Eritrea"
"195","Africa",1962,40.158,"Eritrea"
"196","Africa",1967,42.189,"Eritrea"
"197","Africa",1972,44.142,"Eritrea"
"198","Africa",1977,44.535,"Eritrea"
"199","Africa",1982,43.89,"Eritrea"
"200","Africa",1987,46.453,"Eritrea"
"201","Africa",1992,49.991,"Eritrea"
"202","Africa",1997,53.378,"Eritrea"
"203","Africa",2002,55.24,"Eritrea"
"204","Africa",2007,58.04,"Eritrea"
"205","Africa",1952,34.078,"Ethiopia"
"206","Africa",1957,36.667,"Ethiopia"
"207","Africa",1962,40.059,"Ethiopia"
"208","Africa",1967,42.115,"Ethiopia"
"209","Africa",1972,43.515,"Ethiopia"
"210","Africa",1977,44.51,"Ethiopia"
"211","Africa",1982,44.916,"Ethiopia"
"212","Africa",1987,46.684,"Ethiopia"
"213","Africa",1992,48.091,"Ethiopia"
"214","Africa",1997,49.402,"Ethiopia"
"215","Africa",2002,50.725,"Ethiopia"
"216","Africa",2007,52.947,"Ethiopia"
"217","Africa",1952,37.003,"Gabon"
"218","Africa",1957,38.999,"Gabon"
"219","Africa",1962,40.489,"Gabon"
"220","Africa",1967,44.598,"Gabon"
"221","Africa",1972,48.69,"Gabon"
"222","Africa",1977,52.79,"Gabon"
"223","Africa",1982,56.564,"Gabon"
"224","Africa",1987,60.19,"Gabon"
"225","Africa",1992,61.366,"Gabon"
"226","Africa",1997,60.461,"Gabon"
"227","Africa",2002,56.761,"Gabon"
"228","Africa",2007,56.735,"Gabon"
"229","Africa",1952,30,"Gambia"
"230","Africa",1957,32.065,"Gambia"
"231","Africa",1962,33.896,"Gambia"
"232","Africa",1967,35.857,"Gambia"
"233","Africa",1972,38.308,"Gambia"
"234","Africa",1977,41.842,"Gambia"
"235","Africa",1982,45.58,"Gambia"
"236","Africa",1987,49.265,"Gambia"
"237","Africa",1992,52.644,"Gambia"
"238","Africa",1997,55.861,"Gambia"
"239","Africa",2002,58.041,"Gambia"
"240","Africa",2007,59.448,"Gambia"
"241","Africa",1952,43.149,"Ghana"
"242","Africa",1957,44.779,"Ghana"
"243","Africa",1962,46.452,"Ghana"
"244","Africa",1967,48.072,"Ghana"
"245","Africa",1972,49.875,"Ghana"
"246","Africa",1977,51.756,"Ghana"
"247","Africa",1982,53.744,"Ghana"
"248","Africa",1987,55.729,"Ghana"
"249","Africa",1992,57.501,"Ghana"
"250","Africa",1997,58.556,"Ghana"
"251","Africa",2002,58.453,"Ghana"
"252","Africa",2007,60.022,"Ghana"
"253","Africa",1952,33.609,"Guinea"
"254","Africa",1957,34.558,"Guinea"
"255","Africa",1962,35.753,"Guinea"
"256","Africa",1967,37.197,"Guinea"
"257","Africa",1972,38.842,"Guinea"
"258","Africa",1977,40.762,"Guinea"
"259","Africa",1982,42.891,"Guinea"
"260","Africa",1987,45.552,"Guinea"
"261","Africa",1992,48.576,"Guinea"
"262","Africa",1997,51.455,"Guinea"
"263","Africa",2002,53.676,"Guinea"
"264","Africa",2007,56.007,"Guinea"
"265","Africa",1952,32.5,"Guinea-Bissau"
"266","Africa",1957,33.489,"Guinea-Bissau"
"267","Africa",1962,34.488,"Guinea-Bissau"
"268","Africa",1967,35.492,"Guinea-Bissau"
"269","Africa",1972,36.486,"Guinea-Bissau"
"270","Africa",1977,37.465,"Guinea-Bissau"
"271","Africa",1982,39.327,"Guinea-Bissau"
"272","Africa",1987,41.245,"Guinea-Bissau"
"273","Africa",1992,43.266,"Guinea-Bissau"
"274","Africa",1997,44.873,"Guinea-Bissau"
"275","Africa",2002,45.504,"Guinea-Bissau"
"276","Africa",2007,46.388,"Guinea-Bissau"
"277","Africa",1952,42.27,"Kenya"
"278","Africa",1957,44.686,"Kenya"
"279","Africa",1962,47.949,"Kenya"
"280","Africa",1967,50.654,"Kenya"
"281","Africa",1972,53.559,"Kenya"
"282","Africa",1977,56.155,"Kenya"
"283","Africa",1982,58.766,"Kenya"
"284","Africa",1987,59.339,"Kenya"
"285","Africa",1992,59.285,"Kenya"
"286","Africa",1997,54.407,"Kenya"
"287","Africa",2002,50.992,"Kenya"
"288","Africa",2007,54.11,"Kenya"
"289","Africa",1952,42.138,"Lesotho"
"290","Africa",1957,45.047,"Lesotho"
"291","Africa",1962,47.747,"Lesotho"
"292","Africa",1967,48.492,"Lesotho"
"293","Africa",1972,49.767,"Lesotho"
"294","Africa",1977,52.208,"Lesotho"
"295","Africa",1982,55.078,"Lesotho"
"296","Africa",1987,57.18,"Lesotho"
"297","Africa",1992,59.685,"Lesotho"
"298","Africa",1997,55.558,"Lesotho"
"299","Africa",2002,44.593,"Lesotho"
"300","Africa",2007,42.592,"Lesotho"
"301","Africa",1952,38.48,"Liberia"
"302","Africa",1957,39.486,"Liberia"
"303","Africa",1962,40.502,"Liberia"
"304","Africa",1967,41.536,"Liberia"
"305","Africa",1972,42.614,"Liberia"
"306","Africa",1977,43.764,"Liberia"
"307","Africa",1982,44.852,"Liberia"
"308","Africa",1987,46.027,"Liberia"
"309","Africa",1992,40.802,"Liberia"
"310","Africa",1997,42.221,"Liberia"
"311","Africa",2002,43.753,"Liberia"
"312","Africa",2007,45.678,"Liberia"
"313","Africa",1952,42.723,"Libya"
"314","Africa",1957,45.289,"Libya"
"315","Africa",1962,47.808,"Libya"
"316","Africa",1967,50.227,"Libya"
"317","Africa",1972,52.773,"Libya"
"318","Africa",1977,57.442,"Libya"
"319","Africa",1982,62.155,"Libya"
"320","Africa",1987,66.234,"Libya"
"321","Africa",1992,68.755,"Libya"
"322","Africa",1997,71.555,"Libya"
"323","Africa",2002,72.737,"Libya"
"324","Africa",2007,73.952,"Libya"
"325","Africa",1952,36.681,"Madagascar"
"326","Africa",1957,38.865,"Madagascar"
"327","Africa",1962,40.848,"Madagascar"
"328","Africa",1967,42.881,"Madagascar"
"329","Africa",1972,44.851,"Madagascar"
"330","Africa",1977,46.881,"Madagascar"
"331","Africa",1982,48.969,"Madagascar"
"332","Africa",1987,49.35,"Madagascar"
"333","Africa",1992,52.214,"Madagascar"
"334","Africa",1997,54.978,"Madagascar"
"335","Africa",2002,57.286,"Madagascar"
"336","Africa",2007,59.443,"Madagascar"
"337","Africa",1952,36.256,"Malawi"
"338","Africa",1957,37.207,"Malawi"
"339","Africa",1962,38.41,"Malawi"
"340","Africa",1967,39.487,"Malawi"
"341","Africa",1972,41.766,"Malawi"
"342","Africa",1977,43.767,"Malawi"
"343","Africa",1982,45.642,"Malawi"
"344","Africa",1987,47.457,"Malawi"
"345","Africa",1992,49.42,"Malawi"
"346","Africa",1997,47.495,"Malawi"
"347","Africa",2002,45.009,"Malawi"
"348","Africa",2007,48.303,"Malawi"
"349","Africa",1952,33.685,"Mali"
"350","Africa",1957,35.307,"Mali"
"351","Africa",1962,36.936,"Mali"
"352","Africa",1967,38.487,"Mali"
"353","Africa",1972,39.977,"Mali"
"354","Africa",1977,41.714,"Mali"
"355","Africa",1982,43.916,"Mali"
"356","Africa",1987,46.364,"Mali"
"357","Africa",1992,48.388,"Mali"
"358","Africa",1997,49.903,"Mali"
"359","Africa",2002,51.818,"Mali"
"360","Africa",2007,54.467,"Mali"
"361","Africa",1952,40.543,"Mauritania"
"362","Africa",1957,42.338,"Mauritania"
"363","Africa",1962,44.248,"Mauritania"
"364","Africa",1967,46.289,"Mauritania"
"365","Africa",1972,48.437,"Mauritania"
"366","Africa",1977,50.852,"Mauritania"
"367","Africa",1982,53.599,"Mauritania"
"368","Africa",1987,56.145,"Mauritania"
"369","Africa",1992,58.333,"Mauritania"
"370","Africa",1997,60.43,"Mauritania"
"371","Africa",2002,62.247,"Mauritania"
"372","Africa",2007,64.164,"Mauritania"
"373","Africa",1952,50.986,"Mauritius"
"374","Africa",1957,58.089,"Mauritius"
"375","Africa",1962,60.246,"Mauritius"
"376","Africa",1967,61.557,"Mauritius"
"377","Africa",1972,62.944,"Mauritius"
"378","Africa",1977,64.93,"Mauritius"
"379","Africa",1982,66.711,"Mauritius"
"380","Africa",1987,68.74,"Mauritius"
"381","Africa",1992,69.745,"Mauritius"
"382","Africa",1997,70.736,"Mauritius"
"383","Africa",2002,71.954,"Mauritius"
"384","Africa",2007,72.801,"Mauritius"
"385","Africa",1952,42.873,"Morocco"
"386","Africa",1957,45.423,"Morocco"
"387","Africa",1962,47.924,"Morocco"
"388","Africa",1967,50.335,"Morocco"
"389","Africa",1972,52.862,"Morocco"
"390","Africa",1977,55.73,"Morocco"
"391","Africa",1982,59.65,"Morocco"
"392","Africa",1987,62.677,"Morocco"
"393","Africa",1992,65.393,"Morocco"
"394","Africa",1997,67.66,"Morocco"
"395","Africa",2002,69.615,"Morocco"
"396","Africa",2007,71.164,"Morocco"
"397","Africa",1952,31.286,"Mozambique"
"398","Africa",1957,33.779,"Mozambique"
"399","Africa",1962,36.161,"Mozambique"
"400","Africa",1967,38.113,"Mozambique"
"401","Africa",1972,40.328,"Mozambique"
"402","Africa",1977,42.495,"Mozambique"
"403","Africa",1982,42.795,"Mozambique"
"404","Africa",1987,42.861,"Mozambique"
"405","Africa",1992,44.284,"Mozambique"
"406","Africa",1997,46.344,"Mozambique"
"407","Africa",2002,44.026,"Mozambique"
"408","Africa",2007,42.082,"Mozambique"
"409","Africa",1952,41.725,"Namibia"
"410","Africa",1957,45.226,"Namibia"
"411","Africa",1962,48.386,"Namibia"
"412","Africa",1967,51.159,"Namibia"
"413","Africa",1972,53.867,"Namibia"
"414","Africa",1977,56.437,"Namibia"
"415","Africa",1982,58.968,"Namibia"
"416","Africa",1987,60.835,"Namibia"
"417","Africa",1992,61.999,"Namibia"
"418","Africa",1997,58.909,"Namibia"
"419","Africa",2002,51.479,"Namibia"
"420","Africa",2007,52.906,"Namibia"
"421","Africa",1952,37.444,"Niger"
"422","Africa",1957,38.598,"Niger"
"423","Africa",1962,39.487,"Niger"
"424","Africa",1967,40.118,"Niger"
"425","Africa",1972,40.546,"Niger"
"426","Africa",1977,41.291,"Niger"
"427","Africa",1982,42.598,"Niger"
"428","Africa",1987,44.555,"Niger"
"429","Africa",1992,47.391,"Niger"
"430","Africa",1997,51.313,"Niger"
"431","Africa",2002,54.496,"Niger"
"432","Africa",2007,56.867,"Niger"
"433","Africa",1952,36.324,"Nigeria"
"434","Africa",1957,37.802,"Nigeria"
"435","Africa",1962,39.36,"Nigeria"
"436","Africa",1967,41.04,"Nigeria"
"437","Africa",1972,42.821,"Nigeria"
"438","Africa",1977,44.514,"Nigeria"
"439","Africa",1982,45.826,"Nigeria"
"440","Africa",1987,46.886,"Nigeria"
"441","Africa",1992,47.472,"Nigeria"
"442","Africa",1997,47.464,"Nigeria"
"443","Africa",2002,46.608,"Nigeria"
"444","Africa",2007,46.859,"Nigeria"
"445","Africa",1952,52.724,"Reunion"
"446","Africa",1957,55.09,"Reunion"
"447","Africa",1962,57.666,"Reunion"
"448","Africa",1967,60.542,"Reunion"
"449","Africa",1972,64.274,"Reunion"
"450","Africa",1977,67.064,"Reunion"
"451","Africa",1982,69.885,"Reunion"
"452","Africa",1987,71.913,"Reunion"
"453","Africa",1992,73.615,"Reunion"
"454","Africa",1997,74.772,"Reunion"
"455","Africa",2002,75.744,"Reunion"
"456","Africa",2007,76.442,"Reunion"
"457","Africa",1952,40,"Rwanda"
"458","Africa",1957,41.5,"Rwanda"
"459","Africa",1962,43,"Rwanda"
"460","Africa",1967,44.1,"Rwanda"
"461","Africa",1972,44.6,"Rwanda"
"462","Africa",1977,45,"Rwanda"
"463","Africa",1982,46.218,"Rwanda"
"464","Africa",1987,44.02,"Rwanda"
"465","Africa",1992,23.599,"Rwanda"
"466","Africa",1997,36.087,"Rwanda"
"467","Africa",2002,43.413,"Rwanda"
"468","Africa",2007,46.242,"Rwanda"
"469","Africa",1952,46.471,"Sao Tome and Principe"
"470","Africa",1957,48.945,"Sao Tome and Principe"
"471","Africa",1962,51.893,"Sao Tome and Principe"
"472","Africa",1967,54.425,"Sao Tome and Principe"
"473","Africa",1972,56.48,"Sao Tome and Principe"
"474","Africa",1977,58.55,"Sao Tome and Principe"
"475","Africa",1982,60.351,"Sao Tome and Principe"
"476","Africa",1987,61.728,"Sao Tome and Principe"
"477","Africa",1992,62.742,"Sao Tome and Principe"
"478","Africa",1997,63.306,"Sao Tome and Principe"
"479","Africa",2002,64.337,"Sao Tome and Principe"
"480","Africa",2007,65.528,"Sao Tome and Principe"
"481","Africa",1952,37.278,"Senegal"
"482","Africa",1957,39.329,"Senegal"
"483","Africa",1962,41.454,"Senegal"
"484","Africa",1967,43.563,"Senegal"
"485","Africa",1972,45.815,"Senegal"
"486","Africa",1977,48.879,"Senegal"
"487","Africa",1982,52.379,"Senegal"
"488","Africa",1987,55.769,"Senegal"
"489","Africa",1992,58.196,"Senegal"
"490","Africa",1997,60.187,"Senegal"
"491","Africa",2002,61.6,"Senegal"
"492","Africa",2007,63.062,"Senegal"
"493","Africa",1952,30.331,"Sierra Leone"
"494","Africa",1957,31.57,"Sierra Leone"
"495","Africa",1962,32.767,"Sierra Leone"
"496","Africa",1967,34.113,"Sierra Leone"
"497","Africa",1972,35.4,"Sierra Leone"
"498","Africa",1977,36.788,"Sierra Leone"
"499","Africa",1982,38.445,"Sierra Leone"
"500","Africa",1987,40.006,"Sierra Leone"
"501","Africa",1992,38.333,"Sierra Leone"
"502","Africa",1997,39.897,"Sierra Leone"
"503","Africa",2002,41.012,"Sierra Leone"
"504","Africa",2007,42.568,"Sierra Leone"
"505","Africa",1952,32.978,"Somalia"
"506","Africa",1957,34.977,"Somalia"
"507","Africa",1962,36.981,"Somalia"
"508","Africa",1967,38.977,"Somalia"
"509","Africa",1972,40.973,"Somalia"
"510","Africa",1977,41.974,"Somalia"
"511","Africa",1982,42.955,"Somalia"
"512","Africa",1987,44.501,"Somalia"
"513","Africa",1992,39.658,"Somalia"
"514","Africa",1997,43.795,"Somalia"
"515","Africa",2002,45.936,"Somalia"
"516","Africa",2007,48.159,"Somalia"
"517","Africa",1952,45.009,"South Africa"
"518","Africa",1957,47.985,"South Africa"
"519","Africa",1962,49.951,"South Africa"
"520","Africa",1967,51.927,"South Africa"
"521","Africa",1972,53.696,"South Africa"
"522","Africa",1977,55.527,"South Africa"
"523","Africa",1982,58.161,"South Africa"
"524","Africa",1987,60.834,"South Africa"
"525","Africa",1992,61.888,"South Africa"
"526","Africa",1997,60.236,"South Africa"
"527","Africa",2002,53.365,"South Africa"
"528","Africa",2007,49.339,"South Africa"
"529","Africa",1952,38.635,"Sudan"
"530","Africa",1957,39.624,"Sudan"
"531","Africa",1962,40.87,"Sudan"
"532","Africa",1967,42.858,"Sudan"
"533","Africa",1972,45.083,"Sudan"
"534","Africa",1977,47.8,"Sudan"
"535","Africa",1982,50.338,"Sudan"
"536","Africa",1987,51.744,"Sudan"
"537","Africa",1992,53.556,"Sudan"
"538","Africa",1997,55.373,"Sudan"
"539","Africa",2002,56.369,"Sudan"
"540","Africa",2007,58.556,"Sudan"
"541","Africa",1952,41.407,"Swaziland"
"542","Africa",1957,43.424,"Swaziland"
"543","Africa",1962,44.992,"Swaziland"
"544","Africa",1967,46.633,"Swaziland"
"545","Africa",1972,49.552,"Swaziland"
"546","Africa",1977,52.537,"Swaziland"
"547","Africa",1982,55.561,"Swaziland"
"548","Africa",1987,57.678,"Swaziland"
"549","Africa",1992,58.474,"Swaziland"
"550","Africa",1997,54.289,"Swaziland"
"551","Africa",2002,43.869,"Swaziland"
"552","Africa",2007,39.613,"Swaziland"
"553","Africa",1952,41.215,"Tanzania"
"554","Africa",1957,42.974,"Tanzania"
"555","Africa",1962,44.246,"Tanzania"
"556","Africa",1967,45.757,"Tanzania"
"557","Africa",1972,47.62,"Tanzania"
"558","Africa",1977,49.919,"Tanzania"
"559","Africa",1982,50.608,"Tanzania"
"560","Africa",1987,51.535,"Tanzania"
"561","Africa",1992,50.44,"Tanzania"
"562","Africa",1997,48.466,"Tanzania"
"563","Africa",2002,49.651,"Tanzania"
"564","Africa",2007,52.517,"Tanzania"
"565","Africa",1952,38.596,"Togo"
"566","Africa",1957,41.208,"Togo"
"567","Africa",1962,43.922,"Togo"
"568","Africa",1967,46.769,"Togo"
"569","Africa",1972,49.759,"Togo"
"570","Africa",1977,52.887,"Togo"
"571","Africa",1982,55.471,"Togo"
"572","Africa",1987,56.941,"Togo"
"573","Africa",1992,58.061,"Togo"
"574","Africa",1997,58.39,"Togo"
"575","Africa",2002,57.561,"Togo"
"576","Africa",2007,58.42,"Togo"
"577","Africa",1952,44.6,"Tunisia"
"578","Africa",1957,47.1,"Tunisia"
"579","Africa",1962,49.579,"Tunisia"
"580","Africa",1967,52.053,"Tunisia"
"581","Africa",1972,55.602,"Tunisia"
"582","Africa",1977,59.837,"Tunisia"
"583","Africa",1982,64.048,"Tunisia"
"584","Africa",1987,66.894,"Tunisia"
"585","Africa",1992,70.001,"Tunisia"
"586","Africa",1997,71.973,"Tunisia"
"587","Africa",2002,73.042,"Tunisia"
"588","Africa",2007,73.923,"Tunisia"
"589","Africa",1952,39.978,"Uganda"
"590","Africa",1957,42.571,"Uganda"
"591","Africa",1962,45.344,"Uganda"
"592","Africa",1967,48.051,"Uganda"
"593","Africa",1972,51.016,"Uganda"
"594","Africa",1977,50.35,"Uganda"
"595","Africa",1982,49.849,"Uganda"
"596","Africa",1987,51.509,"Uganda"
"597","Africa",1992,48.825,"Uganda"
"598","Africa",1997,44.578,"Uganda"
"599","Africa",2002,47.813,"Uganda"
"600","Africa",2007,51.542,"Uganda"
"601","Africa",1952,42.038,"Zambia"
"602","Africa",1957,44.077,"Zambia"
"603","Africa",1962,46.023,"Zambia"
"604","Africa",1967,47.768,"Zambia"
"605","Africa",1972,50.107,"Zambia"
"606","Africa",1977,51.386,"Zambia"
"607","Africa",1982,51.821,"Zambia"
"608","Africa",1987,50.821,"Zambia"
"609","Africa",1992,46.1,"Zambia"
"610","Africa",1997,40.238,"Zambia"
"611","Africa",2002,39.193,"Zambia"
"612","Africa",2007,42.384,"Zambia"
"613","Africa",1952,48.451,"Zimbabwe"
"614","Africa",1957,50.469,"Zimbabwe"
"615","Africa",1962,52.358,"Zimbabwe"
"616","Africa",1967,53.995,"Zimbabwe"
"617","Africa",1972,55.635,"Zimbabwe"
"618","Africa",1977,57.674,"Zimbabwe"
"619","Africa",1982,60.363,"Zimbabwe"
"620","Africa",1987,62.351,"Zimbabwe"
"621","Africa",1992,60.377,"Zimbabwe"
"622","Africa",1997,46.809,"Zimbabwe"
"623","Africa",2002,39.989,"Zimbabwe"
"624","Africa",2007,43.487,"Zimbabwe"
"625","Asia",1952,28.801,"Afghanistan"
"626","Asia",1957,30.332,"Afghanistan"
"627","Asia",1962,31.997,"Afghanistan"
"628","Asia",1967,34.02,"Afghanistan"
"629","Asia",1972,36.088,"Afghanistan"
"630","Asia",1977,38.438,"Afghanistan"
"631","Asia",1982,39.854,"Afghanistan"
"632","Asia",1987,40.822,"Afghanistan"
"633","Asia",1992,41.674,"Afghanistan"
"634","Asia",1997,41.763,"Afghanistan"
"635","Asia",2002,42.129,"Afghanistan"
"636","Asia",2007,43.828,"Afghanistan"
"637","Asia",1952,50.939,"Bahrain"
"638","Asia",1957,53.832,"Bahrain"
"639","Asia",1962,56.923,"Bahrain"
"640","Asia",1967,59.923,"Bahrain"
"641","Asia",1972,63.3,"Bahrain"
"642","Asia",1977,65.593,"Bahrain"
"643","Asia",1982,69.052,"Bahrain"
"644","Asia",1987,70.75,"Bahrain"
"645","Asia",1992,72.601,"Bahrain"
"646","Asia",1997,73.925,"Bahrain"
"647","Asia",2002,74.795,"Bahrain"
"648","Asia",2007,75.635,"Bahrain"
"649","Asia",1952,37.484,"Bangladesh"
"650","Asia",1957,39.348,"Bangladesh"
"651","Asia",1962,41.216,"Bangladesh"
"652","Asia",1967,43.453,"Bangladesh"
"653","Asia",1972,45.252,"Bangladesh"
"654","Asia",1977,46.923,"Bangladesh"
"655","Asia",1982,50.009,"Bangladesh"
"656","Asia",1987,52.819,"Bangladesh"
"657","Asia",1992,56.018,"Bangladesh"
"658","Asia",1997,59.412,"Bangladesh"
"659","Asia",2002,62.013,"Bangladesh"
"660","Asia",2007,64.062,"Bangladesh"
"661","Asia",1952,39.417,"Cambodia"
"662","Asia",1957,41.366,"Cambodia"
"663","Asia",1962,43.415,"Cambodia"
"664","Asia",1967,45.415,"Cambodia"
"665","Asia",1972,40.317,"Cambodia"
"666","Asia",1977,31.22,"Cambodia"
"667","Asia",1982,50.957,"Cambodia"
"668","Asia",1987,53.914,"Cambodia"
"669","Asia",1992,55.803,"Cambodia"
"670","Asia",1997,56.534,"Cambodia"
"671","Asia",2002,56.752,"Cambodia"
"672","Asia",2007,59.723,"Cambodia"
"673","Asia",1952,44,"China"
"674","Asia",1957,50.54896,"China"
"675","Asia",1962,44.50136,"China"
"676","Asia",1967,58.38112,"China"
"677","Asia",1972,63.11888,"China"
"678","Asia",1977,63.96736,"China"
"679","Asia",1982,65.525,"China"
"680","Asia",1987,67.274,"China"
"681","Asia",1992,68.69,"China"
"682","Asia",1997,70.426,"China"
"683","Asia",2002,72.028,"China"
"684","Asia",2007,72.961,"China"
"685","Asia",1952,60.96,"Hong Kong, China"
"686","Asia",1957,64.75,"Hong Kong, China"
"687","Asia",1962,67.65,"Hong Kong, China"
"688","Asia",1967,70,"Hong Kong, China"
"689","Asia",1972,72,"Hong Kong, China"
"690","Asia",1977,73.6,"Hong Kong, China"
"691","Asia",1982,75.45,"Hong Kong, China"
"692","Asia",1987,76.2,"Hong Kong, China"
"693","Asia",1992,77.601,"Hong Kong, China"
"694","Asia",1997,80,"Hong Kong, China"
"695","Asia",2002,81.495,"Hong Kong, China"
"696","Asia",2007,82.208,"Hong Kong, China"
"697","Asia",1952,37.373,"India"
"698","Asia",1957,40.249,"India"
"699","Asia",1962,43.605,"India"
"700","Asia",1967,47.193,"India"
"701","Asia",1972,50.651,"India"
"702","Asia",1977,54.208,"India"
"703","Asia",1982,56.596,"India"
"704","Asia",1987,58.553,"India"
"705","Asia",1992,60.223,"India"
"706","Asia",1997,61.765,"India"
"707","Asia",2002,62.879,"India"
"708","Asia",2007,64.698,"India"
"709","Asia",1952,37.468,"Indonesia"
"710","Asia",1957,39.918,"Indonesia"
"711","Asia",1962,42.518,"Indonesia"
"712","Asia",1967,45.964,"Indonesia"
"713","Asia",1972,49.203,"Indonesia"
"714","Asia",1977,52.702,"Indonesia"
"715","Asia",1982,56.159,"Indonesia"
"716","Asia",1987,60.137,"Indonesia"
"717","Asia",1992,62.681,"Indonesia"
"718","Asia",1997,66.041,"Indonesia"
"719","Asia",2002,68.588,"Indonesia"
"720","Asia",2007,70.65,"Indonesia"
"721","Asia",1952,44.869,"Iran"
"722","Asia",1957,47.181,"Iran"
"723","Asia",1962,49.325,"Iran"
"724","Asia",1967,52.469,"Iran"
"725","Asia",1972,55.234,"Iran"
"726","Asia",1977,57.702,"Iran"
"727","Asia",1982,59.62,"Iran"
"728","Asia",1987,63.04,"Iran"
"729","Asia",1992,65.742,"Iran"
"730","Asia",1997,68.042,"Iran"
"731","Asia",2002,69.451,"Iran"
"732","Asia",2007,70.964,"Iran"
"733","Asia",1952,45.32,"Iraq"
"734","Asia",1957,48.437,"Iraq"
"735","Asia",1962,51.457,"Iraq"
"736","Asia",1967,54.459,"Iraq"
"737","Asia",1972,56.95,"Iraq"
"738","Asia",1977,60.413,"Iraq"
"739","Asia",1982,62.038,"Iraq"
"740","Asia",1987,65.044,"Iraq"
"741","Asia",1992,59.461,"Iraq"
"742","Asia",1997,58.811,"Iraq"
"743","Asia",2002,57.046,"Iraq"
"744","Asia",2007,59.545,"Iraq"
"745","Asia",1952,65.39,"Israel"
"746","Asia",1957,67.84,"Israel"
"747","Asia",1962,69.39,"Israel"
"748","Asia",1967,70.75,"Israel"
"749","Asia",1972,71.63,"Israel"
"750","Asia",1977,73.06,"Israel"
"751","Asia",1982,74.45,"Israel"
"752","Asia",1987,75.6,"Israel"
"753","Asia",1992,76.93,"Israel"
"754","Asia",1997,78.269,"Israel"
"755","Asia",2002,79.696,"Israel"
"756","Asia",2007,80.745,"Israel"
"757","Asia",1952,63.03,"Japan"
"758","Asia",1957,65.5,"Japan"
"759","Asia",1962,68.73,"Japan"
"760","Asia",1967,71.43,"Japan"
"761","Asia",1972,73.42,"Japan"
"762","Asia",1977,75.38,"Japan"
"763","Asia",1982,77.11,"Japan"
"764","Asia",1987,78.67,"Japan"
"765","Asia",1992,79.36,"Japan"
"766","Asia",1997,80.69,"Japan"
"767","Asia",2002,82,"Japan"
"768","Asia",2007,82.603,"Japan"
"769","Asia",1952,43.158,"Jordan"
"770","Asia",1957,45.669,"Jordan"
"771","Asia",1962,48.126,"Jordan"
"772","Asia",1967,51.629,"Jordan"
"773","Asia",1972,56.528,"Jordan"
"774","Asia",1977,61.134,"Jordan"
"775","Asia",1982,63.739,"Jordan"
"776","Asia",1987,65.869,"Jordan"
"777","Asia",1992,68.015,"Jordan"
"778","Asia",1997,69.772,"Jordan"
"779","Asia",2002,71.263,"Jordan"
"780","Asia",2007,72.535,"Jordan"
"781","Asia",1952,50.056,"Korea, Dem. Rep."
"782","Asia",1957,54.081,"Korea, Dem. Rep."
"783","Asia",1962,56.656,"Korea, Dem. Rep."
"784","Asia",1967,59.942,"Korea, Dem. Rep."
"785","Asia",1972,63.983,"Korea, Dem. Rep."
"786","Asia",1977,67.159,"Korea, Dem. Rep."
"787","Asia",1982,69.1,"Korea, Dem. Rep."
"788","Asia",1987,70.647,"Korea, Dem. Rep."
"789","Asia",1992,69.978,"Korea, Dem. Rep."
"790","Asia",1997,67.727,"Korea, Dem. Rep."
"791","Asia",2002,66.662,"Korea, Dem. Rep."
"792","Asia",2007,67.297,"Korea, Dem. Rep."
"793","Asia",1952,47.453,"Korea, Rep."
"794","Asia",1957,52.681,"Korea, Rep."
"795","Asia",1962,55.292,"Korea, Rep."
"796","Asia",1967,57.716,"Korea, Rep."
"797","Asia",1972,62.612,"Korea, Rep."
"798","Asia",1977,64.766,"Korea, Rep."
"799","Asia",1982,67.123,"Korea, Rep."
"800","Asia",1987,69.81,"Korea, Rep."
"801","Asia",1992,72.244,"Korea, Rep."
"802","Asia",1997,74.647,"Korea, Rep."
"803","Asia",2002,77.045,"Korea, Rep."
"804","Asia",2007,78.623,"Korea, Rep."
"805","Asia",1952,55.565,"Kuwait"
"806","Asia",1957,58.033,"Kuwait"
"807","Asia",1962,60.47,"Kuwait"
"808","Asia",1967,64.624,"Kuwait"
"809","Asia",1972,67.712,"Kuwait"
"810","Asia",1977,69.343,"Kuwait"
"811","Asia",1982,71.309,"Kuwait"
"812","Asia",1987,74.174,"Kuwait"
"813","Asia",1992,75.19,"Kuwait"
"814","Asia",1997,76.156,"Kuwait"
"815","Asia",2002,76.904,"Kuwait"
"816","Asia",2007,77.588,"Kuwait"
"817","Asia",1952,55.928,"Lebanon"
"818","Asia",1957,59.489,"Lebanon"
"819","Asia",1962,62.094,"Lebanon"
"820","Asia",1967,63.87,"Lebanon"
"821","Asia",1972,65.421,"Lebanon"
"822","Asia",1977,66.099,"Lebanon"
"823","Asia",1982,66.983,"Lebanon"
"824","Asia",1987,67.926,"Lebanon"
"825","Asia",1992,69.292,"Lebanon"
"826","Asia",1997,70.265,"Lebanon"
"827","Asia",2002,71.028,"Lebanon"
"828","Asia",2007,71.993,"Lebanon"
"829","Asia",1952,48.463,"Malaysia"
"830","Asia",1957,52.102,"Malaysia"
"831","Asia",1962,55.737,"Malaysia"
"832","Asia",1967,59.371,"Malaysia"
"833","Asia",1972,63.01,"Malaysia"
"834","Asia",1977,65.256,"Malaysia"
"835","Asia",1982,68,"Malaysia"
"836","Asia",1987,69.5,"Malaysia"
"837","Asia",1992,70.693,"Malaysia"
"838","Asia",1997,71.938,"Malaysia"
"839","Asia",2002,73.044,"Malaysia"
"840","Asia",2007,74.241,"Malaysia"
"841","Asia",1952,42.244,"Mongolia"
"842","Asia",1957,45.248,"Mongolia"
"843","Asia",1962,48.251,"Mongolia"
"844","Asia",1967,51.253,"Mongolia"
"845","Asia",1972,53.754,"Mongolia"
"846","Asia",1977,55.491,"Mongolia"
"847","Asia",1982,57.489,"Mongolia"
"848","Asia",1987,60.222,"Mongolia"
"849","Asia",1992,61.271,"Mongolia"
"850","Asia",1997,63.625,"Mongolia"
"851","Asia",2002,65.033,"Mongolia"
"852","Asia",2007,66.803,"Mongolia"
"853","Asia",1952,36.319,"Myanmar"
"854","Asia",1957,41.905,"Myanmar"
"855","Asia",1962,45.108,"Myanmar"
"856","Asia",1967,49.379,"Myanmar"
"857","Asia",1972,53.07,"Myanmar"
"858","Asia",1977,56.059,"Myanmar"
"859","Asia",1982,58.056,"Myanmar"
"860","Asia",1987,58.339,"Myanmar"
"861","Asia",1992,59.32,"Myanmar"
"862","Asia",1997,60.328,"Myanmar"
"863","Asia",2002,59.908,"Myanmar"
"864","Asia",2007,62.069,"Myanmar"
"865","Asia",1952,36.157,"Nepal"
"866","Asia",1957,37.686,"Nepal"
"867","Asia",1962,39.393,"Nepal"
"868","Asia",1967,41.472,"Nepal"
"869","Asia",1972,43.971,"Nepal"
"870","Asia",1977,46.748,"Nepal"
"871","Asia",1982,49.594,"Nepal"
"872","Asia",1987,52.537,"Nepal"
"873","Asia",1992,55.727,"Nepal"
"874","Asia",1997,59.426,"Nepal"
"875","Asia",2002,61.34,"Nepal"
"876","Asia",2007,63.785,"Nepal"
"877","Asia",1952,37.578,"Oman"
"878","Asia",1957,40.08,"Oman"
"879","Asia",1962,43.165,"Oman"
"880","Asia",1967,46.988,"Oman"
"881","Asia",1972,52.143,"Oman"
"882","Asia",1977,57.367,"Oman"
"883","Asia",1982,62.728,"Oman"
"884","Asia",1987,67.734,"Oman"
"885","Asia",1992,71.197,"Oman"
"886","Asia",1997,72.499,"Oman"
"887","Asia",2002,74.193,"Oman"
"888","Asia",2007,75.64,"Oman"
"889","Asia",1952,43.436,"Pakistan"
"890","Asia",1957,45.557,"Pakistan"
"891","Asia",1962,47.67,"Pakistan"
"892","Asia",1967,49.8,"Pakistan"
"893","Asia",1972,51.929,"Pakistan"
"894","Asia",1977,54.043,"Pakistan"
"895","Asia",1982,56.158,"Pakistan"
"896","Asia",1987,58.245,"Pakistan"
"897","Asia",1992,60.838,"Pakistan"
"898","Asia",1997,61.818,"Pakistan"
"899","Asia",2002,63.61,"Pakistan"
"900","Asia",2007,65.483,"Pakistan"
"901","Asia",1952,47.752,"Philippines"
"902","Asia",1957,51.334,"Philippines"
"903","Asia",1962,54.757,"Philippines"
"904","Asia",1967,56.393,"Philippines"
"905","Asia",1972,58.065,"Philippines"
"906","Asia",1977,60.06,"Philippines"
"907","Asia",1982,62.082,"Philippines"
"908","Asia",1987,64.151,"Philippines"
"909","Asia",1992,66.458,"Philippines"
"910","Asia",1997,68.564,"Philippines"
"911","Asia",2002,70.303,"Philippines"
"912","Asia",2007,71.688,"Philippines"
"913","Asia",1952,39.875,"Saudi Arabia"
"914","Asia",1957,42.868,"Saudi Arabia"
"915","Asia",1962,45.914,"Saudi Arabia"
"916","Asia",1967,49.901,"Saudi Arabia"
"917","Asia",1972,53.886,"Saudi Arabia"
"918","Asia",1977,58.69,"Saudi Arabia"
"919","Asia",1982,63.012,"Saudi Arabia"
"920","Asia",1987,66.295,"Saudi Arabia"
"921","Asia",1992,68.768,"Saudi Arabia"
"922","Asia",1997,70.533,"Saudi Arabia"
"923","Asia",2002,71.626,"Saudi Arabia"
"924","Asia",2007,72.777,"Saudi Arabia"
"925","Asia",1952,60.396,"Singapore"
"926","Asia",1957,63.179,"Singapore"
"927","Asia",1962,65.798,"Singapore"
"928","Asia",1967,67.946,"Singapore"
"929","Asia",1972,69.521,"Singapore"
"930","Asia",1977,70.795,"Singapore"
"931","Asia",1982,71.76,"Singapore"
"932","Asia",1987,73.56,"Singapore"
"933","Asia",1992,75.788,"Singapore"
"934","Asia",1997,77.158,"Singapore"
"935","Asia",2002,78.77,"Singapore"
"936","Asia",2007,79.972,"Singapore"
"937","Asia",1952,57.593,"Sri Lanka"
"938","Asia",1957,61.456,"Sri Lanka"
"939","Asia",1962,62.192,"Sri Lanka"
"940","Asia",1967,64.266,"Sri Lanka"
"941","Asia",1972,65.042,"Sri Lanka"
"942","Asia",1977,65.949,"Sri Lanka"
"943","Asia",1982,68.757,"Sri Lanka"
"944","Asia",1987,69.011,"Sri Lanka"
"945","Asia",1992,70.379,"Sri Lanka"
"946","Asia",1997,70.457,"Sri Lanka"
"947","Asia",2002,70.815,"Sri Lanka"
"948","Asia",2007,72.396,"Sri Lanka"
"949","Asia",1952,45.883,"Syria"
"950","Asia",1957,48.284,"Syria"
"951","Asia",1962,50.305,"Syria"
"952","Asia",1967,53.655,"Syria"
"953","Asia",1972,57.296,"Syria"
"954","Asia",1977,61.195,"Syria"
"955","Asia",1982,64.59,"Syria"
"956","Asia",1987,66.974,"Syria"
"957","Asia",1992,69.249,"Syria"
"958","Asia",1997,71.527,"Syria"
"959","Asia",2002,73.053,"Syria"
"960","Asia",2007,74.143,"Syria"
"961","Asia",1952,58.5,"Taiwan"
"962","Asia",1957,62.4,"Taiwan"
"963","Asia",1962,65.2,"Taiwan"
"964","Asia",1967,67.5,"Taiwan"
"965","Asia",1972,69.39,"Taiwan"
"966","Asia",1977,70.59,"Taiwan"
"967","Asia",1982,72.16,"Taiwan"
"968","Asia",1987,73.4,"Taiwan"
"969","Asia",1992,74.26,"Taiwan"
"970","Asia",1997,75.25,"Taiwan"
"971","Asia",2002,76.99,"Taiwan"
"972","Asia",2007,78.4,"Taiwan"
"973","Asia",1952,50.848,"Thailand"
"974","Asia",1957,53.63,"Thailand"
"975","Asia",1962,56.061,"Thailand"
"976","Asia",1967,58.285,"Thailand"
"977","Asia",1972,60.405,"Thailand"
"978","Asia",1977,62.494,"Thailand"
"979","Asia",1982,64.597,"Thailand"
"980","Asia",1987,66.084,"Thailand"
"981","Asia",1992,67.298,"Thailand"
"982","Asia",1997,67.521,"Thailand"
"983","Asia",2002,68.564,"Thailand"
"984","Asia",2007,70.616,"Thailand"
"985","Asia",1952,40.412,"Vietnam"
"986","Asia",1957,42.887,"Vietnam"
"987","Asia",1962,45.363,"Vietnam"
"988","Asia",1967,47.838,"Vietnam"
"989","Asia",1972,50.254,"Vietnam"
"990","Asia",1977,55.764,"Vietnam"
"991","Asia",1982,58.816,"Vietnam"
"992","Asia",1987,62.82,"Vietnam"
"993","Asia",1992,67.662,"Vietnam"
"994","Asia",1997,70.672,"Vietnam"
"995","Asia",2002,73.017,"Vietnam"
"996","Asia",2007,74.249,"Vietnam"
"997","Asia",1952,43.16,"West Bank and Gaza"
"998","Asia",1957,45.671,"West Bank and Gaza"
"999","Asia",1962,48.127,"West Bank and Gaza"
"1000","Asia",1967,51.631,"West Bank and Gaza"
"1001","Asia",1972,56.532,"West Bank and Gaza"
"1002","Asia",1977,60.765,"West Bank and Gaza"
"1003","Asia",1982,64.406,"West Bank and Gaza"
"1004","Asia",1987,67.046,"West Bank and Gaza"
"1005","Asia",1992,69.718,"West Bank and Gaza"
"1006","Asia",1997,71.096,"West Bank and Gaza"
"1007","Asia",2002,72.37,"West Bank and Gaza"
"1008","Asia",2007,73.422,"West Bank and Gaza"
"1009","Asia",1952,32.548,"Yemen, Rep."
"1010","Asia",1957,33.97,"Yemen, Rep."
"1011","Asia",1962,35.18,"Yemen, Rep."
"1012","Asia",1967,36.984,"Yemen, Rep."
"1013","Asia",1972,39.848,"Yemen, Rep."
"1014","Asia",1977,44.175,"Yemen, Rep."
"1015","Asia",1982,49.113,"Yemen, Rep."
"1016","Asia",1987,52.922,"Yemen, Rep."
"1017","Asia",1992,55.599,"Yemen, Rep."
"1018","Asia",1997,58.02,"Yemen, Rep."
"1019","Asia",2002,60.308,"Yemen, Rep."
"1020","Asia",2007,62.698,"Yemen, Rep."
"1021","Americas",1952,62.485,"Argentina"
"1022","Americas",1957,64.399,"Argentina"
"1023","Americas",1962,65.142,"Argentina"
"1024","Americas",1967,65.634,"Argentina"
"1025","Americas",1972,67.065,"Argentina"
"1026","Americas",1977,68.481,"Argentina"
"1027","Americas",1982,69.942,"Argentina"
"1028","Americas",1987,70.774,"Argentina"
"1029","Americas",1992,71.868,"Argentina"
"1030","Americas",1997,73.275,"Argentina"
"1031","Americas",2002,74.34,"Argentina"
"1032","Americas",2007,75.32,"Argentina"
"1033","Americas",1952,40.414,"Bolivia"
"1034","Americas",1957,41.89,"Bolivia"
"1035","Americas",1962,43.428,"Bolivia"
"1036","Americas",1967,45.032,"Bolivia"
"1037","Americas",1972,46.714,"Bolivia"
"1038","Americas",1977,50.023,"Bolivia"
"1039","Americas",1982,53.859,"Bolivia"
"1040","Americas",1987,57.251,"Bolivia"
"1041","Americas",1992,59.957,"Bolivia"
"1042","Americas",1997,62.05,"Bolivia"
"1043","Americas",2002,63.883,"Bolivia"
"1044","Americas",2007,65.554,"Bolivia"
"1045","Americas",1952,50.917,"Brazil"
"1046","Americas",1957,53.285,"Brazil"
"1047","Americas",1962,55.665,"Brazil"
"1048","Americas",1967,57.632,"Brazil"
"1049","Americas",1972,59.504,"Brazil"
"1050","Americas",1977,61.489,"Brazil"
"1051","Americas",1982,63.336,"Brazil"
"1052","Americas",1987,65.205,"Brazil"
"1053","Americas",1992,67.057,"Brazil"
"1054","Americas",1997,69.388,"Brazil"
"1055","Americas",2002,71.006,"Brazil"
"1056","Americas",2007,72.39,"Brazil"
"1057","Americas",1952,68.75,"Canada"
"1058","Americas",1957,69.96,"Canada"
"1059","Americas",1962,71.3,"Canada"
"1060","Americas",1967,72.13,"Canada"
"1061","Americas",1972,72.88,"Canada"
"1062","Americas",1977,74.21,"Canada"
"1063","Americas",1982,75.76,"Canada"
"1064","Americas",1987,76.86,"Canada"
"1065","Americas",1992,77.95,"Canada"
"1066","Americas",1997,78.61,"Canada"
"1067","Americas",2002,79.77,"Canada"
"1068","Americas",2007,80.653,"Canada"
"1069","Americas",1952,54.745,"Chile"
"1070","Americas",1957,56.074,"Chile"
"1071","Americas",1962,57.924,"Chile"
"1072","Americas",1967,60.523,"Chile"
"1073","Americas",1972,63.441,"Chile"
"1074","Americas",1977,67.052,"Chile"
"1075","Americas",1982,70.565,"Chile"
"1076","Americas",1987,72.492,"Chile"
"1077","Americas",1992,74.126,"Chile"
"1078","Americas",1997,75.816,"Chile"
"1079","Americas",2002,77.86,"Chile"
"1080","Americas",2007,78.553,"Chile"
"1081","Americas",1952,50.643,"Colombia"
"1082","Americas",1957,55.118,"Colombia"
"1083","Americas",1962,57.863,"Colombia"
"1084","Americas",1967,59.963,"Colombia"
"1085","Americas",1972,61.623,"Colombia"
"1086","Americas",1977,63.837,"Colombia"
"1087","Americas",1982,66.653,"Colombia"
"1088","Americas",1987,67.768,"Colombia"
"1089","Americas",1992,68.421,"Colombia"
"1090","Americas",1997,70.313,"Colombia"
"1091","Americas",2002,71.682,"Colombia"
"1092","Americas",2007,72.889,"Colombia"
"1093","Americas",1952,57.206,"Costa Rica"
"1094","Americas",1957,60.026,"Costa Rica"
"1095","Americas",1962,62.842,"Costa Rica"
"1096","Americas",1967,65.424,"Costa Rica"
"1097","Americas",1972,67.849,"Costa Rica"
"1098","Americas",1977,70.75,"Costa Rica"
"1099","Americas",1982,73.45,"Costa Rica"
"1100","Americas",1987,74.752,"Costa Rica"
"1101","Americas",1992,75.713,"Costa Rica"
"1102","Americas",1997,77.26,"Costa Rica"
"1103","Americas",2002,78.123,"Costa Rica"
"1104","Americas",2007,78.782,"Costa Rica"
"1105","Americas",1952,59.421,"Cuba"
"1106","Americas",1957,62.325,"Cuba"
"1107","Americas",1962,65.246,"Cuba"
"1108","Americas",1967,68.29,"Cuba"
"1109","Americas",1972,70.723,"Cuba"
"1110","Americas",1977,72.649,"Cuba"
"1111","Americas",1982,73.717,"Cuba"
"1112","Americas",1987,74.174,"Cuba"
"1113","Americas",1992,74.414,"Cuba"
"1114","Americas",1997,76.151,"Cuba"
"1115","Americas",2002,77.158,"Cuba"
"1116","Americas",2007,78.273,"Cuba"
"1117","Americas",1952,45.928,"Dominican Republic"
"1118","Americas",1957,49.828,"Dominican Republic"
"1119","Americas",1962,53.459,"Dominican Republic"
"1120","Americas",1967,56.751,"Dominican Republic"
"1121","Americas",1972,59.631,"Dominican Republic"
"1122","Americas",1977,61.788,"Dominican Republic"
"1123","Americas",1982,63.727,"Dominican Republic"
"1124","Americas",1987,66.046,"Dominican Republic"
"1125","Americas",1992,68.457,"Dominican Republic"
"1126","Americas",1997,69.957,"Dominican Republic"
"1127","Americas",2002,70.847,"Dominican Republic"
"1128","Americas",2007,72.235,"Dominican Republic"
"1129","Americas",1952,48.357,"Ecuador"
"1130","Americas",1957,51.356,"Ecuador"
"1131","Americas",1962,54.64,"Ecuador"
"1132","Americas",1967,56.678,"Ecuador"
"1133","Americas",1972,58.796,"Ecuador"
"1134","Americas",1977,61.31,"Ecuador"
"1135","Americas",1982,64.342,"Ecuador"
"1136","Americas",1987,67.231,"Ecuador"
"1137","Americas",1992,69.613,"Ecuador"
"1138","Americas",1997,72.312,"Ecuador"
"1139","Americas",2002,74.173,"Ecuador"
"1140","Americas",2007,74.994,"Ecuador"
"1141","Americas",1952,45.262,"El Salvador"
"1142","Americas",1957,48.57,"El Salvador"
"1143","Americas",1962,52.307,"El Salvador"
"1144","Americas",1967,55.855,"El Salvador"
"1145","Americas",1972,58.207,"El Salvador"
"1146","Americas",1977,56.696,"El Salvador"
"1147","Americas",1982,56.604,"El Salvador"
"1148","Americas",1987,63.154,"El Salvador"
"1149","Americas",1992,66.798,"El Salvador"
"1150","Americas",1997,69.535,"El Salvador"
"1151","Americas",2002,70.734,"El Salvador"
"1152","Americas",2007,71.878,"El Salvador"
"1153","Americas",1952,42.023,"Guatemala"
"1154","Americas",1957,44.142,"Guatemala"
"1155","Americas",1962,46.954,"Guatemala"
"1156","Americas",1967,50.016,"Guatemala"
"1157","Americas",1972,53.738,"Guatemala"
"1158","Americas",1977,56.029,"Guatemala"
"1159","Americas",1982,58.137,"Guatemala"
"1160","Americas",1987,60.782,"Guatemala"
"1161","Americas",1992,63.373,"Guatemala"
"1162","Americas",1997,66.322,"Guatemala"
"1163","Americas",2002,68.978,"Guatemala"
"1164","Americas",2007,70.259,"Guatemala"
"1165","Americas",1952,37.579,"Haiti"
"1166","Americas",1957,40.696,"Haiti"
"1167","Americas",1962,43.59,"Haiti"
"1168","Americas",1967,46.243,"Haiti"
"1169","Americas",1972,48.042,"Haiti"
"1170","Americas",1977,49.923,"Haiti"
"1171","Americas",1982,51.461,"Haiti"
"1172","Americas",1987,53.636,"Haiti"
"1173","Americas",1992,55.089,"Haiti"
"1174","Americas",1997,56.671,"Haiti"
"1175","Americas",2002,58.137,"Haiti"
"1176","Americas",2007,60.916,"Haiti"
"1177","Americas",1952,41.912,"Honduras"
"1178","Americas",1957,44.665,"Honduras"
"1179","Americas",1962,48.041,"Honduras"
"1180","Americas",1967,50.924,"Honduras"
"1181","Americas",1972,53.884,"Honduras"
"1182","Americas",1977,57.402,"Honduras"
"1183","Americas",1982,60.909,"Honduras"
"1184","Americas",1987,64.492,"Honduras"
"1185","Americas",1992,66.399,"Honduras"
"1186","Americas",1997,67.659,"Honduras"
"1187","Americas",2002,68.565,"Honduras"
"1188","Americas",2007,70.198,"Honduras"
"1189","Americas",1952,58.53,"Jamaica"
"1190","Americas",1957,62.61,"Jamaica"
"1191","Americas",1962,65.61,"Jamaica"
"1192","Americas",1967,67.51,"Jamaica"
"1193","Americas",1972,69,"Jamaica"
"1194","Americas",1977,70.11,"Jamaica"
"1195","Americas",1982,71.21,"Jamaica"
"1196","Americas",1987,71.77,"Jamaica"
"1197","Americas",1992,71.766,"Jamaica"
"1198","Americas",1997,72.262,"Jamaica"
"1199","Americas",2002,72.047,"Jamaica"
"1200","Americas",2007,72.567,"Jamaica"
"1201","Americas",1952,50.789,"Mexico"
"1202","Americas",1957,55.19,"Mexico"
"1203","Americas",1962,58.299,"Mexico"
"1204","Americas",1967,60.11,"Mexico"
"1205","Americas",1972,62.361,"Mexico"
"1206","Americas",1977,65.032,"Mexico"
"1207","Americas",1982,67.405,"Mexico"
"1208","Americas",1987,69.498,"Mexico"
"1209","Americas",1992,71.455,"Mexico"
"1210","Americas",1997,73.67,"Mexico"
"1211","Americas",2002,74.902,"Mexico"
"1212","Americas",2007,76.195,"Mexico"
"1213","Americas",1952,42.314,"Nicaragua"
"1214","Americas",1957,45.432,"Nicaragua"
"1215","Americas",1962,48.632,"Nicaragua"
"1216","Americas",1967,51.884,"Nicaragua"
"1217","Americas",1972,55.151,"Nicaragua"
"1218","Americas",1977,57.47,"Nicaragua"
"1219","Americas",1982,59.298,"Nicaragua"
"1220","Americas",1987,62.008,"Nicaragua"
"1221","Americas",1992,65.843,"Nicaragua"
"1222","Americas",1997,68.426,"Nicaragua"
"1223","Americas",2002,70.836,"Nicaragua"
"1224","Americas",2007,72.899,"Nicaragua"
"1225","Americas",1952,55.191,"Panama"
"1226","Americas",1957,59.201,"Panama"
"1227","Americas",1962,61.817,"Panama"
"1228","Americas",1967,64.071,"Panama"
"1229","Americas",1972,66.216,"Panama"
"1230","Americas",1977,68.681,"Panama"
"1231","Americas",1982,70.472,"Panama"
"1232","Americas",1987,71.523,"Panama"
"1233","Americas",1992,72.462,"Panama"
"1234","Americas",1997,73.738,"Panama"
"1235","Americas",2002,74.712,"Panama"
"1236","Americas",2007,75.537,"Panama"
"1237","Americas",1952,62.649,"Paraguay"
"1238","Americas",1957,63.196,"Paraguay"
"1239","Americas",1962,64.361,"Paraguay"
"1240","Americas",1967,64.951,"Paraguay"
"1241","Americas",1972,65.815,"Paraguay"
"1242","Americas",1977,66.353,"Paraguay"
"1243","Americas",1982,66.874,"Paraguay"
"1244","Americas",1987,67.378,"Paraguay"
"1245","Americas",1992,68.225,"Paraguay"
"1246","Americas",1997,69.4,"Paraguay"
"1247","Americas",2002,70.755,"Paraguay"
"1248","Americas",2007,71.752,"Paraguay"
"1249","Americas",1952,43.902,"Peru"
"1250","Americas",1957,46.263,"Peru"
"1251","Americas",1962,49.096,"Peru"
"1252","Americas",1967,51.445,"Peru"
"1253","Americas",1972,55.448,"Peru"
"1254","Americas",1977,58.447,"Peru"
"1255","Americas",1982,61.406,"Peru"
"1256","Americas",1987,64.134,"Peru"
"1257","Americas",1992,66.458,"Peru"
"1258","Americas",1997,68.386,"Peru"
"1259","Americas",2002,69.906,"Peru"
"1260","Americas",2007,71.421,"Peru"
"1261","Americas",1952,64.28,"Puerto Rico"
"1262","Americas",1957,68.54,"Puerto Rico"
"1263","Americas",1962,69.62,"Puerto Rico"
"1264","Americas",1967,71.1,"Puerto Rico"
"1265","Americas",1972,72.16,"Puerto Rico"
"1266","Americas",1977,73.44,"Puerto Rico"
"1267","Americas",1982,73.75,"Puerto Rico"
"1268","Americas",1987,74.63,"Puerto Rico"
"1269","Americas",1992,73.911,"Puerto Rico"
"1270","Americas",1997,74.917,"Puerto Rico"
"1271","Americas",2002,77.778,"Puerto Rico"
"1272","Americas",2007,78.746,"Puerto Rico"
"1273","Americas",1952,59.1,"Trinidad and Tobago"
"1274","Americas",1957,61.8,"Trinidad and Tobago"
"1275","Americas",1962,64.9,"Trinidad and Tobago"
"1276","Americas",1967,65.4,"Trinidad and Tobago"
"1277","Americas",1972,65.9,"Trinidad and Tobago"
"1278","Americas",1977,68.3,"Trinidad and Tobago"
"1279","Americas",1982,68.832,"Trinidad and Tobago"
"1280","Americas",1987,69.582,"Trinidad and Tobago"
"1281","Americas",1992,69.862,"Trinidad and Tobago"
"1282","Americas",1997,69.465,"Trinidad and Tobago"
"1283","Americas",2002,68.976,"Trinidad and Tobago"
"1284","Americas",2007,69.819,"Trinidad and Tobago"
"1285","Americas",1952,68.44,"United States"
"1286","Americas",1957,69.49,"United States"
"1287","Americas",1962,70.21,"United States"
"1288","Americas",1967,70.76,"United States"
"1289","Americas",1972,71.34,"United States"
"1290","Americas",1977,73.38,"United States"
"1291","Americas",1982,74.65,"United States"
"1292","Americas",1987,75.02,"United States"
"1293","Americas",1992,76.09,"United States"
"1294","Americas",1997,76.81,"United States"
"1295","Americas",2002,77.31,"United States"
"1296","Americas",2007,78.242,"United States"
"1297","Americas",1952,66.071,"Uruguay"
"1298","Americas",1957,67.044,"Uruguay"
"1299","Americas",1962,68.253,"Uruguay"
"1300","Americas",1967,68.468,"Uruguay"
"1301","Americas",1972,68.673,"Uruguay"
"1302","Americas",1977,69.481,"Uruguay"
"1303","Americas",1982,70.805,"Uruguay"
"1304","Americas",1987,71.918,"Uruguay"
"1305","Americas",1992,72.752,"Uruguay"
"1306","Americas",1997,74.223,"Uruguay"
"1307","Americas",2002,75.307,"Uruguay"
"1308","Americas",2007,76.384,"Uruguay"
"1309","Americas",1952,55.088,"Venezuela"
"1310","Americas",1957,57.907,"Venezuela"
"1311","Americas",1962,60.77,"Venezuela"
"1312","Americas",1967,63.479,"Venezuela"
"1313","Americas",1972,65.712,"Venezuela"
"1314","Americas",1977,67.456,"Venezuela"
"1315","Americas",1982,68.557,"Venezuela"
"1316","Americas",1987,70.19,"Venezuela"
"1317","Americas",1992,71.15,"Venezuela"
"1318","Americas",1997,72.146,"Venezuela"
"1319","Americas",2002,72.766,"Venezuela"
"1320","Americas",2007,73.747,"Venezuela"
"1321","Europe",1952,55.23,"Albania"
"1322","Europe",1957,59.28,"Albania"
"1323","Europe",1962,64.82,"Albania"
"1324","Europe",1967,66.22,"Albania"
"1325","Europe",1972,67.69,"Albania"
"1326","Europe",1977,68.93,"Albania"
"1327","Europe",1982,70.42,"Albania"
"1328","Europe",1987,72,"Albania"
"1329","Europe",1992,71.581,"Albania"
"1330","Europe",1997,72.95,"Albania"
"1331","Europe",2002,75.651,"Albania"
"1332","Europe",2007,76.423,"Albania"
"1333","Europe",1952,66.8,"Austria"
"1334","Europe",1957,67.48,"Austria"
"1335","Europe",1962,69.54,"Austria"
"1336","Europe",1967,70.14,"Austria"
"1337","Europe",1972,70.63,"Austria"
"1338","Europe",1977,72.17,"Austria"
"1339","Europe",1982,73.18,"Austria"
"1340","Europe",1987,74.94,"Austria"
"1341","Europe",1992,76.04,"Austria"
"1342","Europe",1997,77.51,"Austria"
"1343","Europe",2002,78.98,"Austria"
"1344","Europe",2007,79.829,"Austria"
"1345","Europe",1952,68,"Belgium"
"1346","Europe",1957,69.24,"Belgium"
"1347","Europe",1962,70.25,"Belgium"
"1348","Europe",1967,70.94,"Belgium"
"1349","Europe",1972,71.44,"Belgium"
"1350","Europe",1977,72.8,"Belgium"
"1351","Europe",1982,73.93,"Belgium"
"1352","Europe",1987,75.35,"Belgium"
"1353","Europe",1992,76.46,"Belgium"
"1354","Europe",1997,77.53,"Belgium"
"1355","Europe",2002,78.32,"Belgium"
"1356","Europe",2007,79.441,"Belgium"
"1357","Europe",1952,53.82,"Bosnia and Herzegovina"
"1358","Europe",1957,58.45,"Bosnia and Herzegovina"
"1359","Europe",1962,61.93,"Bosnia and Herzegovina"
"1360","Europe",1967,64.79,"Bosnia and Herzegovina"
"1361","Europe",1972,67.45,"Bosnia and Herzegovina"
"1362","Europe",1977,69.86,"Bosnia and Herzegovina"
"1363","Europe",1982,70.69,"Bosnia and Herzegovina"
"1364","Europe",1987,71.14,"Bosnia and Herzegovina"
"1365","Europe",1992,72.178,"Bosnia and Herzegovina"
"1366","Europe",1997,73.244,"Bosnia and Herzegovina"
"1367","Europe",2002,74.09,"Bosnia and Herzegovina"
"1368","Europe",2007,74.852,"Bosnia and Herzegovina"
"1369","Europe",1952,59.6,"Bulgaria"
"1370","Europe",1957,66.61,"Bulgaria"
"1371","Europe",1962,69.51,"Bulgaria"
"1372","Europe",1967,70.42,"Bulgaria"
"1373","Europe",1972,70.9,"Bulgaria"
"1374","Europe",1977,70.81,"Bulgaria"
"1375","Europe",1982,71.08,"Bulgaria"
"1376","Europe",1987,71.34,"Bulgaria"
"1377","Europe",1992,71.19,"Bulgaria"
"1378","Europe",1997,70.32,"Bulgaria"
"1379","Europe",2002,72.14,"Bulgaria"
"1380","Europe",2007,73.005,"Bulgaria"
"1381","Europe",1952,61.21,"Croatia"
"1382","Europe",1957,64.77,"Croatia"
"1383","Europe",1962,67.13,"Croatia"
"1384","Europe",1967,68.5,"Croatia"
"1385","Europe",1972,69.61,"Croatia"
"1386","Europe",1977,70.64,"Croatia"
"1387","Europe",1982,70.46,"Croatia"
"1388","Europe",1987,71.52,"Croatia"
"1389","Europe",1992,72.527,"Croatia"
"1390","Europe",1997,73.68,"Croatia"
"1391","Europe",2002,74.876,"Croatia"
"1392","Europe",2007,75.748,"Croatia"
"1393","Europe",1952,66.87,"Czech Republic"
"1394","Europe",1957,69.03,"Czech Republic"
"1395","Europe",1962,69.9,"Czech Republic"
"1396","Europe",1967,70.38,"Czech Republic"
"1397","Europe",1972,70.29,"Czech Republic"
"1398","Europe",1977,70.71,"Czech Republic"
"1399","Europe",1982,70.96,"Czech Republic"
"1400","Europe",1987,71.58,"Czech Republic"
"1401","Europe",1992,72.4,"Czech Republic"
"1402","Europe",1997,74.01,"Czech Republic"
"1403","Europe",2002,75.51,"Czech Republic"
"1404","Europe",2007,76.486,"Czech Republic"
"1405","Europe",1952,70.78,"Denmark"
"1406","Europe",1957,71.81,"Denmark"
"1407","Europe",1962,72.35,"Denmark"
"1408","Europe",1967,72.96,"Denmark"
"1409","Europe",1972,73.47,"Denmark"
"1410","Europe",1977,74.69,"Denmark"
"1411","Europe",1982,74.63,"Denmark"
"1412","Europe",1987,74.8,"Denmark"
"1413","Europe",1992,75.33,"Denmark"
"1414","Europe",1997,76.11,"Denmark"
"1415","Europe",2002,77.18,"Denmark"
"1416","Europe",2007,78.332,"Denmark"
"1417","Europe",1952,66.55,"Finland"
"1418","Europe",1957,67.49,"Finland"
"1419","Europe",1962,68.75,"Finland"
"1420","Europe",1967,69.83,"Finland"
"1421","Europe",1972,70.87,"Finland"
"1422","Europe",1977,72.52,"Finland"
"1423","Europe",1982,74.55,"Finland"
"1424","Europe",1987,74.83,"Finland"
"1425","Europe",1992,75.7,"Finland"
"1426","Europe",1997,77.13,"Finland"
"1427","Europe",2002,78.37,"Finland"
"1428","Europe",2007,79.313,"Finland"
"1429","Europe",1952,67.41,"France"
"1430","Europe",1957,68.93,"France"
"1431","Europe",1962,70.51,"France"
"1432","Europe",1967,71.55,"France"
"1433","Europe",1972,72.38,"France"
"1434","Europe",1977,73.83,"France"
"1435","Europe",1982,74.89,"France"
"1436","Europe",1987,76.34,"France"
"1437","Europe",1992,77.46,"France"
"1438","Europe",1997,78.64,"France"
"1439","Europe",2002,79.59,"France"
"1440","Europe",2007,80.657,"France"
"1441","Europe",1952,67.5,"Germany"
"1442","Europe",1957,69.1,"Germany"
"1443","Europe",1962,70.3,"Germany"
"1444","Europe",1967,70.8,"Germany"
"1445","Europe",1972,71,"Germany"
"1446","Europe",1977,72.5,"Germany"
"1447","Europe",1982,73.8,"Germany"
"1448","Europe",1987,74.847,"Germany"
"1449","Europe",1992,76.07,"Germany"
"1450","Europe",1997,77.34,"Germany"
"1451","Europe",2002,78.67,"Germany"
"1452","Europe",2007,79.406,"Germany"
"1453","Europe",1952,65.86,"Greece"
"1454","Europe",1957,67.86,"Greece"
"1455","Europe",1962,69.51,"Greece"
"1456","Europe",1967,71,"Greece"
"1457","Europe",1972,72.34,"Greece"
"1458","Europe",1977,73.68,"Greece"
"1459","Europe",1982,75.24,"Greece"
"1460","Europe",1987,76.67,"Greece"
"1461","Europe",1992,77.03,"Greece"
"1462","Europe",1997,77.869,"Greece"
"1463","Europe",2002,78.256,"Greece"
"1464","Europe",2007,79.483,"Greece"
"1465","Europe",1952,64.03,"Hungary"
"1466","Europe",1957,66.41,"Hungary"
"1467","Europe",1962,67.96,"Hungary"
"1468","Europe",1967,69.5,"Hungary"
"1469","Europe",1972,69.76,"Hungary"
"1470","Europe",1977,69.95,"Hungary"
"1471","Europe",1982,69.39,"Hungary"
"1472","Europe",1987,69.58,"Hungary"
"1473","Europe",1992,69.17,"Hungary"
"1474","Europe",1997,71.04,"Hungary"
"1475","Europe",2002,72.59,"Hungary"
"1476","Europe",2007,73.338,"Hungary"
"1477","Europe",1952,72.49,"Iceland"
"1478","Europe",1957,73.47,"Iceland"
"1479","Europe",1962,73.68,"Iceland"
"1480","Europe",1967,73.73,"Iceland"
"1481","Europe",1972,74.46,"Iceland"
"1482","Europe",1977,76.11,"Iceland"
"1483","Europe",1982,76.99,"Iceland"
"1484","Europe",1987,77.23,"Iceland"
"1485","Europe",1992,78.77,"Iceland"
"1486","Europe",1997,78.95,"Iceland"
"1487","Europe",2002,80.5,"Iceland"
"1488","Europe",2007,81.757,"Iceland"
"1489","Europe",1952,66.91,"Ireland"
"1490","Europe",1957,68.9,"Ireland"
"1491","Europe",1962,70.29,"Ireland"
"1492","Europe",1967,71.08,"Ireland"
"1493","Europe",1972,71.28,"Ireland"
"1494","Europe",1977,72.03,"Ireland"
"1495","Europe",1982,73.1,"Ireland"
"1496","Europe",1987,74.36,"Ireland"
"1497","Europe",1992,75.467,"Ireland"
"1498","Europe",1997,76.122,"Ireland"
"1499","Europe",2002,77.783,"Ireland"
"1500","Europe",2007,78.885,"Ireland"
"1501","Europe",1952,65.94,"Italy"
"1502","Europe",1957,67.81,"Italy"
"1503","Europe",1962,69.24,"Italy"
"1504","Europe",1967,71.06,"Italy"
"1505","Europe",1972,72.19,"Italy"
"1506","Europe",1977,73.48,"Italy"
"1507","Europe",1982,74.98,"Italy"
"1508","Europe",1987,76.42,"Italy"
"1509","Europe",1992,77.44,"Italy"
"1510","Europe",1997,78.82,"Italy"
"1511","Europe",2002,80.24,"Italy"
"1512","Europe",2007,80.546,"Italy"
"1513","Europe",1952,59.164,"Montenegro"
"1514","Europe",1957,61.448,"Montenegro"
"1515","Europe",1962,63.728,"Montenegro"
"1516","Europe",1967,67.178,"Montenegro"
"1517","Europe",1972,70.636,"Montenegro"
"1518","Europe",1977,73.066,"Montenegro"
"1519","Europe",1982,74.101,"Montenegro"
"1520","Europe",1987,74.865,"Montenegro"
"1521","Europe",1992,75.435,"Montenegro"
"1522","Europe",1997,75.445,"Montenegro"
"1523","Europe",2002,73.981,"Montenegro"
"1524","Europe",2007,74.543,"Montenegro"
"1525","Europe",1952,72.13,"Netherlands"
"1526","Europe",1957,72.99,"Netherlands"
"1527","Europe",1962,73.23,"Netherlands"
"1528","Europe",1967,73.82,"Netherlands"
"1529","Europe",1972,73.75,"Netherlands"
"1530","Europe",1977,75.24,"Netherlands"
"1531","Europe",1982,76.05,"Netherlands"
"1532","Europe",1987,76.83,"Netherlands"
"1533","Europe",1992,77.42,"Netherlands"
"1534","Europe",1997,78.03,"Netherlands"
"1535","Europe",2002,78.53,"Netherlands"
"1536","Europe",2007,79.762,"Netherlands"
"1537","Europe",1952,72.67,"Norway"
"1538","Europe",1957,73.44,"Norway"
"1539","Europe",1962,73.47,"Norway"
"1540","Europe",1967,74.08,"Norway"
"1541","Europe",1972,74.34,"Norway"
"1542","Europe",1977,75.37,"Norway"
"1543","Europe",1982,75.97,"Norway"
"1544","Europe",1987,75.89,"Norway"
"1545","Europe",1992,77.32,"Norway"
"1546","Europe",1997,78.32,"Norway"
"1547","Europe",2002,79.05,"Norway"
"1548","Europe",2007,80.196,"Norway"
"1549","Europe",1952,61.31,"Poland"
"1550","Europe",1957,65.77,"Poland"
"1551","Europe",1962,67.64,"Poland"
"1552","Europe",1967,69.61,"Poland"
"1553","Europe",1972,70.85,"Poland"
"1554","Europe",1977,70.67,"Poland"
"1555","Europe",1982,71.32,"Poland"
"1556","Europe",1987,70.98,"Poland"
"1557","Europe",1992,70.99,"Poland"
"1558","Europe",1997,72.75,"Poland"
"1559","Europe",2002,74.67,"Poland"
"1560","Europe",2007,75.563,"Poland"
"1561","Europe",1952,59.82,"Portugal"
"1562","Europe",1957,61.51,"Portugal"
"1563","Europe",1962,64.39,"Portugal"
"1564","Europe",1967,66.6,"Portugal"
"1565","Europe",1972,69.26,"Portugal"
"1566","Europe",1977,70.41,"Portugal"
"1567","Europe",1982,72.77,"Portugal"
"1568","Europe",1987,74.06,"Portugal"
"1569","Europe",1992,74.86,"Portugal"
"1570","Europe",1997,75.97,"Portugal"
"1571","Europe",2002,77.29,"Portugal"
"1572","Europe",2007,78.098,"Portugal"
"1573","Europe",1952,61.05,"Romania"
"1574","Europe",1957,64.1,"Romania"
"1575","Europe",1962,66.8,"Romania"
"1576","Europe",1967,66.8,"Romania"
"1577","Europe",1972,69.21,"Romania"
"1578","Europe",1977,69.46,"Romania"
"1579","Europe",1982,69.66,"Romania"
"1580","Europe",1987,69.53,"Romania"
"1581","Europe",1992,69.36,"Romania"
"1582","Europe",1997,69.72,"Romania"
"1583","Europe",2002,71.322,"Romania"
"1584","Europe",2007,72.476,"Romania"
"1585","Europe",1952,57.996,"Serbia"
"1586","Europe",1957,61.685,"Serbia"
"1587","Europe",1962,64.531,"Serbia"
"1588","Europe",1967,66.914,"Serbia"
"1589","Europe",1972,68.7,"Serbia"
"1590","Europe",1977,70.3,"Serbia"
"1591","Europe",1982,70.162,"Serbia"
"1592","Europe",1987,71.218,"Serbia"
"1593","Europe",1992,71.659,"Serbia"
"1594","Europe",1997,72.232,"Serbia"
"1595","Europe",2002,73.213,"Serbia"
"1596","Europe",2007,74.002,"Serbia"
"1597","Europe",1952,64.36,"Slovak Republic"
"1598","Europe",1957,67.45,"Slovak Republic"
"1599","Europe",1962,70.33,"Slovak Republic"
"1600","Europe",1967,70.98,"Slovak Republic"
"1601","Europe",1972,70.35,"Slovak Republic"
"1602","Europe",1977,70.45,"Slovak Republic"
"1603","Europe",1982,70.8,"Slovak Republic"
"1604","Europe",1987,71.08,"Slovak Republic"
"1605","Europe",1992,71.38,"Slovak Republic"
"1606","Europe",1997,72.71,"Slovak Republic"
"1607","Europe",2002,73.8,"Slovak Republic"
"1608","Europe",2007,74.663,"Slovak Republic"
"1609","Europe",1952,65.57,"Slovenia"
"1610","Europe",1957,67.85,"Slovenia"
"1611","Europe",1962,69.15,"Slovenia"
"1612","Europe",1967,69.18,"Slovenia"
"1613","Europe",1972,69.82,"Slovenia"
"1614","Europe",1977,70.97,"Slovenia"
"1615","Europe",1982,71.063,"Slovenia"
"1616","Europe",1987,72.25,"Slovenia"
"1617","Europe",1992,73.64,"Slovenia"
"1618","Europe",1997,75.13,"Slovenia"
"1619","Europe",2002,76.66,"Slovenia"
"1620","Europe",2007,77.926,"Slovenia"
"1621","Europe",1952,64.94,"Spain"
"1622","Europe",1957,66.66,"Spain"
"1623","Europe",1962,69.69,"Spain"
"1624","Europe",1967,71.44,"Spain"
"1625","Europe",1972,73.06,"Spain"
"1626","Europe",1977,74.39,"Spain"
"1627","Europe",1982,76.3,"Spain"
"1628","Europe",1987,76.9,"Spain"
"1629","Europe",1992,77.57,"Spain"
"1630","Europe",1997,78.77,"Spain"
"1631","Europe",2002,79.78,"Spain"
"1632","Europe",2007,80.941,"Spain"
"1633","Europe",1952,71.86,"Sweden"
"1634","Europe",1957,72.49,"Sweden"
"1635","Europe",1962,73.37,"Sweden"
"1636","Europe",1967,74.16,"Sweden"
"1637","Europe",1972,74.72,"Sweden"
"1638","Europe",1977,75.44,"Sweden"
"1639","Europe",1982,76.42,"Sweden"
"1640","Europe",1987,77.19,"Sweden"
"1641","Europe",1992,78.16,"Sweden"
"1642","Europe",1997,79.39,"Sweden"
"1643","Europe",2002,80.04,"Sweden"
"1644","Europe",2007,80.884,"Sweden"
"1645","Europe",1952,69.62,"Switzerland"
"1646","Europe",1957,70.56,"Switzerland"
"1647","Europe",1962,71.32,"Switzerland"
"1648","Europe",1967,72.77,"Switzerland"
"1649","Europe",1972,73.78,"Switzerland"
"1650","Europe",1977,75.39,"Switzerland"
"1651","Europe",1982,76.21,"Switzerland"
"1652","Europe",1987,77.41,"Switzerland"
"1653","Europe",1992,78.03,"Switzerland"
"1654","Europe",1997,79.37,"Switzerland"
"1655","Europe",2002,80.62,"Switzerland"
"1656","Europe",2007,81.701,"Switzerland"
"1657","Europe",1952,43.585,"Turkey"
"1658","Europe",1957,48.079,"Turkey"
"1659","Europe",1962,52.098,"Turkey"
"1660","Europe",1967,54.336,"Turkey"
"1661","Europe",1972,57.005,"Turkey"
"1662","Europe",1977,59.507,"Turkey"
"1663","Europe",1982,61.036,"Turkey"
"1664","Europe",1987,63.108,"Turkey"
"1665","Europe",1992,66.146,"Turkey"
"1666","Europe",1997,68.835,"Turkey"
"1667","Europe",2002,70.845,"Turkey"
"1668","Europe",2007,71.777,"Turkey"
"1669","Europe",1952,69.18,"United Kingdom"
"1670","Europe",1957,70.42,"United Kingdom"
"1671","Europe",1962,70.76,"United Kingdom"
"1672","Europe",1967,71.36,"United Kingdom"
"1673","Europe",1972,72.01,"United Kingdom"
"1674","Europe",1977,72.76,"United Kingdom"
"1675","Europe",1982,74.04,"United Kingdom"
"1676","Europe",1987,75.007,"United Kingdom"
"1677","Europe",1992,76.42,"United Kingdom"
"1678","Europe",1997,77.218,"United Kingdom"
"1679","Europe",2002,78.471,"United Kingdom"
"1680","Europe",2007,79.425,"United Kingdom"
"1681","Oceania",1952,69.12,"Australia"
"1682","Oceania",1957,70.33,"Australia"
"1683","Oceania",1962,70.93,"Australia"
"1684","Oceania",1967,71.1,"Australia"
"1685","Oceania",1972,71.93,"Australia"
"1686","Oceania",1977,73.49,"Australia"
"1687","Oceania",1982,74.74,"Australia"
"1688","Oceania",1987,76.32,"Australia"
"1689","Oceania",1992,77.56,"Australia"
"1690","Oceania",1997,78.83,"Australia"
"1691","Oceania",2002,80.37,"Australia"
"1692","Oceania",2007,81.235,"Australia"
"1693","Oceania",1952,69.39,"New Zealand"
"1694","Oceania",1957,70.26,"New Zealand"
"1695","Oceania",1962,71.24,"New Zealand"
"1696","Oceania",1967,71.52,"New Zealand"
"1697","Oceania",1972,71.89,"New Zealand"
"1698","Oceania",1977,72.22,"New Zealand"
"1699","Oceania",1982,73.84,"New Zealand"
"1700","Oceania",1987,74.32,"New Zealand"
"1701","Oceania",1992,76.33,"New Zealand"
"1702","Oceania",1997,77.55,"New Zealand"
"1703","Oceania",2002,79.11,"New Zealand"
"1704","Oceania",2007,80.204,"New Zealand"
